"objective_1","objective_2"
"0.0014614698011428118","0.641412615776062"
"0.0003266119456384331","0.6502577066421509"
"-0.0722564235329628","0.7087339162826538"
"0.019870465621352196","0.6358929872512817"
"0.022082481533288956","0.6183005571365356"
"0.020550837740302086","0.6335704922676086"
"-0.013189097866415977","0.6526605486869812"
"0.021891288459300995","0.6295123100280762"